﻿pos_x,pos_y,rotation,side,designator,mpn,pack,footprint,value,mount_type
136.8,-92.7,180.0,bottom,C1,,,C_0805_2012Metric_Pad1.18x1.45mm_HandSolder,3.3uF,smt
168.008,-100.3085,-90.0,bottom,C10,,,C_0805_2012Metric_Pad1.18x1.45mm_HandSolder,22uF,smt
171.691,-110.871,-90.0,bottom,C11,,,C_0805_2012Metric_Pad1.18x1.45mm_HandSolder,10uF,smt
169.291,-110.871,-90.0,bottom,C12,,,C_0805_2012Metric_Pad1.18x1.45mm_HandSolder,100nF,smt
147.066,-68.7,-90.0,bottom,C13,,,C_0805_2012Metric_Pad1.18x1.45mm_HandSolder,1uF,smt
150.479,-69.2,0.0,bottom,C14,,,C_0805_2012Metric_Pad1.18x1.45mm_HandSolder,10nF,smt
150.1355,-71.4,0.0,bottom,C15,,,C_0805_2012Metric_Pad1.18x1.45mm_HandSolder,10nF,smt
160.5625,-104.775,180.0,top,C16,,,C_0805_2012Metric_Pad1.18x1.45mm_HandSolder,1uF,smt
111.8555,-75.1495,90.0,top,C17,,,C_0805_2012Metric_Pad1.18x1.45mm_HandSolder,4.7uF,smt
114.1555,-75.1495,90.0,top,C18,,,C_0805_2012Metric_Pad1.18x1.45mm_HandSolder,100nF,smt
151.1,-97.7625,90.0,bottom,C19,,,C_0805_2012Metric_Pad1.18x1.45mm_HandSolder,100nF,smt
107.061,-116.01704,0.0,bottom,C2,,,C_0805_2012Metric_Pad1.18x1.45mm_HandSolder,1uF,smt
148.3,-88.0,90.0,bottom,C20,,,C_0805_2012Metric_Pad1.18x1.45mm_HandSolder,100nF,smt
128.8625,-102.5,0.0,bottom,C21,,,C_0805_2012Metric_Pad1.18x1.45mm_HandSolder,4.7uF,smt
128.8625,-100.3,0.0,bottom,C22,,,C_0805_2012Metric_Pad1.18x1.45mm_HandSolder,100nF,smt
128.8625,-93.4,0.0,bottom,C23,,,C_0805_2012Metric_Pad1.18x1.45mm_HandSolder,4.7uF,smt
128.8625,-95.5,0.0,bottom,C24,,,C_0805_2012Metric_Pad1.18x1.45mm_HandSolder,100nF,smt
128.8375,-91.2,0.0,bottom,C25,,,C_0805_2012Metric_Pad1.18x1.45mm_HandSolder,100nF,smt
123.1,-102.5375,-90.0,bottom,C26,,,C_0805_2012Metric_Pad1.18x1.45mm_HandSolder,100nF,smt
138.5375,-103.7,180.0,bottom,C27,,,C_0805_2012Metric_Pad1.18x1.45mm_HandSolder,100nF,smt
132.8625,-91.2,0.0,bottom,C28,,,C_0805_2012Metric_Pad1.18x1.45mm_HandSolder,100nF,smt
133.3,-96.6,90.0,bottom,C29,,,C_0805_2012Metric_Pad1.18x1.45mm_HandSolder,100nF,smt
112.4585,-53.975,180.0,bottom,C3,,,C_0805_2012Metric_Pad1.18x1.45mm_HandSolder,100nF,smt
133.3,-101.5625,90.0,bottom,C30,,,C_0805_2012Metric_Pad1.18x1.45mm_HandSolder,100nF,smt
126.7,-108.5,180.0,bottom,C31,,,C_0805_2012Metric_Pad1.18x1.45mm_HandSolder,100nF,smt
165.7,-91.5,90.0,bottom,C32,,,C_0805_2012Metric_Pad1.18x1.45mm_HandSolder,4.7uF,smt
163.5,-91.5,90.0,bottom,C33,,,C_0805_2012Metric_Pad1.18x1.45mm_HandSolder,100nF,smt
188.8,-99.6,-90.0,bottom,C34,,,C_0805_2012Metric_Pad1.18x1.45mm_HandSolder,10uF,smt
180.0,-98.2625,90.0,bottom,C35,,,C_0805_2012Metric_Pad1.18x1.45mm_HandSolder,10uF,smt
107.6,-42.6375,90.0,top,C36,,,C_0805_2012Metric_Pad1.18x1.45mm_HandSolder,4.7uF,smt
109.9,-42.6375,90.0,top,C37,,,C_0805_2012Metric_Pad1.18x1.45mm_HandSolder,100nF,smt
107.7,-58.9625,90.0,top,C38,,,C_0805_2012Metric_Pad1.18x1.45mm_HandSolder,4.7uF,smt
110.0,-58.9375,90.0,top,C39,,,C_0805_2012Metric_Pad1.18x1.45mm_HandSolder,100nF,smt
112.4585,-56.134,180.0,bottom,C4,,,C_0805_2012Metric_Pad1.18x1.45mm_HandSolder,10uF,smt
159.2,-45.1,180.0,bottom,C40,,,C_0805_2012Metric_Pad1.18x1.45mm_HandSolder,100nF,smt
159.2,-42.9,180.0,bottom,C41,,,C_0805_2012Metric_Pad1.18x1.45mm_HandSolder,4.7uF,smt
126.5555,-84.0495,180.0,top,C42,,,C_0805_2012Metric_Pad1.18x1.45mm_HandSolder,4.7uF,smt
126.5555,-81.8495,180.0,top,C43,,,C_0805_2012Metric_Pad1.18x1.45mm_HandSolder,100nF,smt
151.666377,-60.466377,135.0,bottom,C44,,,C_0805_2012Metric_Pad1.18x1.45mm_HandSolder,4.7uF,smt
172.6,-65.2,-135.0,bottom,C45,,,C_0805_2012Metric_Pad1.18x1.45mm_HandSolder,4.7uF,smt
167.667246,-74.467246,135.0,bottom,C46,,,C_0805_2012Metric_Pad1.18x1.45mm_HandSolder,4.7uF,smt
163.3,-74.5,45.0,bottom,C47,,,C_0805_2012Metric_Pad1.18x1.45mm_HandSolder,0.47uF,smt
167.7,-60.4,-135.0,bottom,C48,,,C_0805_2012Metric_Pad1.18x1.45mm_HandSolder,4.7uF,smt
169.3,-62.0,-135.0,bottom,C49,,,C_0805_2012Metric_Pad1.18x1.45mm_HandSolder,0.47uF,smt
115.780534,-49.162714,90.0,bottom,C5,,,C_0805_2012Metric_Pad1.18x1.45mm_HandSolder,100nF,smt
170.933623,-63.566377,-135.0,bottom,C50,,,C_0805_2012Metric_Pad1.18x1.45mm_HandSolder,0.47uF,smt
175.2,-55.7,45.0,bottom,C51,,,C_0805_2012Metric_Pad1.18x1.45mm_HandSolder,4.7uF,smt
158.466377,-69.733623,45.0,bottom,C52,,,C_0805_2012Metric_Pad1.18x1.45mm_HandSolder,4.7uF,smt
172.533623,-69.633623,135.0,bottom,C53,,,C_0805_2012Metric_Pad1.18x1.45mm_HandSolder,4.7uF,smt
170.933623,-71.233623,135.0,bottom,C54,,,C_0805_2012Metric_Pad1.18x1.45mm_HandSolder,0.47uF,smt
169.333623,-72.833623,135.0,bottom,C55,,,C_0805_2012Metric_Pad1.18x1.45mm_HandSolder,0.47uF,smt
160.1,-71.3,45.0,bottom,C56,,,C_0805_2012Metric_Pad1.18x1.45mm_HandSolder,0.47uF,smt
161.7,-72.9,45.0,bottom,C57,,,C_0805_2012Metric_Pad1.18x1.45mm_HandSolder,0.47uF,smt
159.966377,-63.566377,-45.0,bottom,C58,,,C_0805_2012Metric_Pad1.18x1.45mm_HandSolder,4.7uF,smt
158.366377,-65.166377,-45.0,bottom,C59,,,C_0805_2012Metric_Pad1.18x1.45mm_HandSolder,0.47uF,smt
122.868,-53.454,180.0,bottom,C6,,,C_0805_2012Metric_Pad1.18x1.45mm_HandSolder,100nF,smt
163.266377,-60.466377,-45.0,bottom,C60,,,C_0805_2012Metric_Pad1.18x1.45mm_HandSolder,0.47uF,smt
161.599131,-61.999131,-45.0,bottom,C61,,,C_0805_2012Metric_Pad1.18x1.45mm_HandSolder,0.47uF,smt
176.9,-57.4,45.0,bottom,C62,,,C_0805_2012Metric_Pad1.18x1.45mm_HandSolder,4.7uF,smt
153.566377,-58.566377,135.0,bottom,C63,,,C_0805_2012Metric_Pad1.18x1.45mm_HandSolder,4.7uF,smt
155.666377,-56.566377,135.0,bottom,C64,,,C_0805_2012Metric_Pad1.18x1.45mm_HandSolder,0.47uF,smt
177.9,-76.6,-45.0,bottom,C65,,,C_0805_2012Metric_Pad1.18x1.45mm_HandSolder,0.47uF,smt
176.133623,-78.333623,-45.0,bottom,C66,,,C_0805_2012Metric_Pad1.18x1.45mm_HandSolder,4.7uF,smt
153.466377,-76.233623,-135.0,bottom,C67,,,C_0805_2012Metric_Pad1.18x1.45mm_HandSolder,4.7uF,smt
157.2,-55.0,135.0,bottom,C68,,,C_0805_2012Metric_Pad1.18x1.45mm_HandSolder,4.7uF,smt
121.8625,-52.1,180.0,top,C69,,,C_0805_2012Metric_Pad1.18x1.45mm_HandSolder,4.7uF,smt
164.2625,-107.4375,180.0,bottom,C7,,,C_0805_2012Metric_Pad1.18x1.45mm_HandSolder,100nF,smt
121.8625,-49.9,180.0,top,C70,,,C_0805_2012Metric_Pad1.18x1.45mm_HandSolder,100nF,smt
122.4375,-68.2,180.0,top,C71,,,C_0805_2012Metric_Pad1.18x1.45mm_HandSolder,4.7uF,smt
122.4,-65.9,180.0,top,C72,,,C_0805_2012Metric_Pad1.18x1.45mm_HandSolder,100nF,smt
105.1625,-95.2,180.0,top,C73,,,C_0805_2012Metric_Pad1.18x1.45mm_HandSolder,10uF,smt
115.7,-98.4,90.0,top,C74,,,C_0805_2012Metric_Pad1.18x1.45mm_HandSolder,10uF,smt
191.1,-52.2,-90.0,bottom,C75,,,C_0805_2012Metric_Pad1.18x1.45mm_HandSolder,1uF,smt
190.96,-61.0,90.0,bottom,C76,,,C_0805_2012Metric_Pad1.18x1.45mm_HandSolder,1uF,smt
191.1,-71.4,-90.0,bottom,C77,,,C_0805_2012Metric_Pad1.18x1.45mm_HandSolder,1uF,smt
191.1,-83.0,-90.0,bottom,C78,,,C_0805_2012Metric_Pad1.18x1.45mm_HandSolder,1uF,smt
191.3,-94.5,-90.0,bottom,C79,,,C_0805_2012Metric_Pad1.18x1.45mm_HandSolder,1uF,smt
163.308,-100.3085,-90.0,bottom,C8,,,C_0805_2012Metric_Pad1.18x1.45mm_HandSolder,100nF,smt
122.8305,-51.054,180.0,bottom,C80,,,C_0805_2012Metric_Pad1.18x1.45mm_HandSolder,22uF,smt
122.868,-48.754,180.0,bottom,C81,,,C_0805_2012Metric_Pad1.18x1.45mm_HandSolder,22uF,smt
122.174,-86.0,-90.0,bottom,C82,,,C_0805_2012Metric_Pad1.18x1.45mm_HandSolder,100nF,smt
124.333,-86.0,-90.0,bottom,C83,,,C_0805_2012Metric_Pad1.18x1.45mm_HandSolder,10uF,smt
117.7625,-82.5,180.0,bottom,C84,,,C_0805_2012Metric_Pad1.18x1.45mm_HandSolder,100nF,smt
121.4755,-75.142,-90.0,bottom,C85,,,C_0805_2012Metric_Pad1.18x1.45mm_HandSolder,100nF,smt
116.9895,-75.141,-90.0,bottom,C86,,,C_0805_2012Metric_Pad1.18x1.45mm_HandSolder,22uF,smt
119.1895,-75.142,-90.0,bottom,C87,,,C_0805_2012Metric_Pad1.18x1.45mm_HandSolder,22uF,smt
133.76688,-72.43042,-90.0,bottom,C88,,,C_0805_2012Metric_Pad1.18x1.45mm_HandSolder,10uF,smt
144.16688,-72.36792,-90.0,bottom,C89,,,C_0805_2012Metric_Pad1.18x1.45mm_HandSolder,10uF,smt
165.608,-100.3085,-90.0,bottom,C9,,,C_0805_2012Metric_Pad1.18x1.45mm_HandSolder,22uF,smt
127.76236,-43.98908,-90.0,bottom,C90,,,C_0805_2012Metric_Pad1.18x1.45mm_HandSolder,10uF,smt
138.36236,-43.98908,-90.0,bottom,C91,,,C_0805_2012Metric_Pad1.18x1.45mm_HandSolder,10uF,smt
140.67418,-113.6142,180.0,bottom,C92,,,C_0805_2012Metric_Pad1.18x1.45mm_HandSolder,10uF,smt
140.7199,-115.83924,180.0,bottom,C93,,,C_0805_2012Metric_Pad1.18x1.45mm_HandSolder,100nF,smt
169.0585,-43.053,180.0,bottom,C94,,,C_0805_2012Metric_Pad1.18x1.45mm_HandSolder,10uF,smt
169.037,-45.212,180.0,bottom,C95,,,C_0805_2012Metric_Pad1.18x1.45mm_HandSolder,100nF,smt
152.019,-113.284,180.0,bottom,C96,,,C_0805_2012Metric_Pad1.18x1.45mm_HandSolder,10uF,smt
152.0405,-115.57,180.0,bottom,C97,,,C_0805_2012Metric_Pad1.18x1.45mm_HandSolder,100nF,smt
129.7725,-34.036,180.0,bottom,C98,,,C_0805_2012Metric_Pad1.18x1.45mm_HandSolder,10uF,smt
129.5615,-39.878,180.0,bottom,C99,,,C_0805_2012Metric_Pad1.18x1.45mm_HandSolder,100nF,smt
160.9875,-86.487,0.0,top,D1,,,LED_0805_2012Metric,Green_LED,smt
117.8,-98.5,90.0,top,D10,,,D_SOD-323_HandSoldering,DESD5V0S1BA,smt
109.5,-106.7,90.0,top,D11,,,LED_0805_2012Metric_Pad1.15x1.40mm_HandSolder,RED_LED,smt
188.4,-49.784,180.0,top,D2,,,LED_0805_2012Metric,Green_LED,smt
188.4,-46.4,180.0,top,D3,,,LED_0805_2012Metric,Green_LED,smt
188.4,-43.0,180.0,top,D4,,,LED_0805_2012Metric,Green_LED,smt
101.4984,-101.69144,-90.0,top,J1,,,AMPHENOL_10118194-0001LF,USB_B_Micro,smt
116.9,-126.29425,180.0,top,J2,,None,AMASS_XT30PW-M,XT30PW-M,tht
158.0,-41.0,180.0,top,J3,,,CON80_2X40_MU_TX25_JAE,Left Side,tht
158.0,-118.0,0.0,top,J4,,,CON80_2X40_MU_TX25_JAE,RIght Side,tht
186.2,-108.34,180.0,top,JP1,,,PinHeader_1x03_P2.54mm_Vertical,Jumper_3_Open,tht
138.9,-66.04,180.0,top,JP2,,,PinHeader_1x03_P2.54mm_Vertical,Jumper_3_Open,tht
103.12,-68.8,90.0,top,JP3,,,PinHeader_1x03_P2.54mm_Vertical,Jumper_3_Open,tht
103.12,-72.7,90.0,top,JP4,,,PinHeader_1x03_P2.54mm_Vertical,Jumper_3_Open,tht
106.9,-91.7,-90.0,top,JP5,,,PinHeader_1x03_P2.54mm_Vertical,Jumper_3_Open,tht
129.72,-68.8,90.0,top,JP6,,,PinHeader_1x03_P2.54mm_Vertical,Jumper_3_Open,tht
132.8,-56.9,90.0,top,JP7,,,PinHeader_1x03_P2.54mm_Vertical,Jumper_3_Open,tht
174.1,-103.218,-90.0,bottom,L1,,,IND_IHLP-3232DZ_VIS,IHLP3232DZER3R3M01,smt
128.775,-103.9,180.0,bottom,L2,,,L_0806_2016Metric_Hand_Solder,220nH,smt
128.7,-96.9,180.0,bottom,L3,,,L_0806_2016Metric_Hand_Solder,220nH,smt
120.400034,-59.000214,180.0,bottom,L4,,,IND_IHLP-3232DZ_VIS,IHLP3232DZER3R3M01,smt
127.5,-78.2805,-90.0,bottom,L5,,,IND_IHLP-3232DZ_VIS,IHLP3232DZER3R3M01,smt
195.47,-102.87,180.0,top,LED0,,,LED_0805_2012Metric,Green_LED,smt
195.57,-106.305,180.0,top,LED1,,,LED_0805_2012Metric,Green_LED,smt
195.67,-109.728,180.0,top,LED2,,,LED_0805_2012Metric,Green_LED,smt
195.6585,-113.157,180.0,top,LED3,,,LED_0805_2012Metric,Green_LED,smt
195.707,-116.713,180.0,top,LED4,,,LED_0805_2012Metric,Red_LED,smt
111.1375,-91.75,0.0,bottom,Q1,,,SOT-23,GSFC02A05,smt
117.2375,-111.3,0.0,bottom,Q2,,,SOT-23,GSFC02A05,smt
113.0625,-105.8,180.0,bottom,Q3,,,SOT-23,GSFC02A05,smt
196.1625,-41.9,0.0,bottom,Q4,,,SOT-23,NPN,smt
122.1,-95.7,-90.0,top,R1,,,R_0805_2012Metric_Pad1.20x1.40mm_HandSolder,12k,smt
122.280534,-43.300214,180.0,bottom,R10,,,R_0805_2012Metric_Pad1.20x1.40mm_HandSolder,INF,smt
114.180534,-41.100214,180.0,bottom,R11,,,R_0805_2012Metric_Pad1.20x1.40mm_HandSolder,560,smt
160.5,-111.845276,90.0,bottom,R12,,,R_0805_2012Metric_Pad1.20x1.40mm_HandSolder,10k,smt
160.4908,-101.7375,-90.0,bottom,R13,,,R_0805_2012Metric_Pad1.20x1.40mm_HandSolder,5.6k,smt
158.388094,-110.845276,-90.0,bottom,R14,,,R_0805_2012Metric_Pad1.20x1.40mm_HandSolder,10k,smt
158.3908,-101.7375,-90.0,bottom,R15,,,R_0805_2012Metric_Pad1.20x1.40mm_HandSolder,INF,smt
156.2908,-101.7375,-90.0,bottom,R16,,,R_0805_2012Metric_Pad1.20x1.40mm_HandSolder,INF,smt
156.188094,-109.145276,-90.0,bottom,R17,,,R_0805_2012Metric_Pad1.20x1.40mm_HandSolder,180,smt
147.5,-63.9,-90.0,bottom,R18,,,R_0805_2012Metric_Pad1.20x1.40mm_HandSolder,10k,smt
154.0,-100.6,0.0,top,R19,,,R_0805_2012Metric_Pad1.20x1.40mm_HandSolder,22,smt
107.0375,-113.6,180.0,bottom,R2,,,R_0805_2012Metric_Pad1.20x1.40mm_HandSolder,10K,smt
150.1,-107.1,0.0,top,R20,,,R_0805_2012Metric_Pad1.20x1.40mm_HandSolder,22,smt
140.9,-97.1,180.0,top,R21,,,R_0805_2012Metric_Pad1.20x1.40mm_HandSolder,22,smt
154.0,-102.6,0.0,top,R22,,,R_0805_2012Metric_Pad1.20x1.40mm_HandSolder,22,smt
146.2,-88.0,90.0,bottom,R23,,,R_0805_2012Metric_Pad1.20x1.40mm_HandSolder,10k,smt
145.9,-106.7,180.0,bottom,R24,,,R_0805_2012Metric_Pad1.20x1.40mm_HandSolder,10k,smt
150.5165,-67.0,180.0,bottom,R25,,,R_0805_2012Metric_Pad1.20x1.40mm_HandSolder,470k,smt
165.6,-50.3,0.0,bottom,R26,,,R_0805_2012Metric_Pad1.20x1.40mm_HandSolder,470k,smt
157.242,-86.487,180.0,top,R27,,,R_0805_2012Metric_Pad1.20x1.40mm_HandSolder,260,smt
157.4,-90.8,-90.0,top,R28,,,R_0805_2012Metric_Pad1.20x1.40mm_HandSolder,10k,smt
169.3,-94.7,180.0,top,R29,,,R_0805_2012Metric_Pad1.20x1.40mm_HandSolder,10k,smt
122.3,-103.9,90.0,top,R3,,,R_0805_2012Metric_Pad1.20x1.40mm_HandSolder,100,smt
159.6,-90.8,-90.0,top,R30,,,R_0805_2012Metric_Pad1.20x1.40mm_HandSolder,1k,smt
147.5,-96.8,0.0,top,R31,,,R_0805_2012Metric_Pad1.20x1.40mm_HandSolder,22,smt
147.5,-98.9,0.0,top,R32,,,R_0805_2012Metric_Pad1.20x1.40mm_HandSolder,22,smt
151.6,-88.6,0.0,top,R33,,,R_0805_2012Metric_Pad1.20x1.40mm_HandSolder,22,smt
154.0,-93.0,0.0,top,R34,,,R_0805_2012Metric_Pad1.20x1.40mm_HandSolder,22,smt
182.1,-97.1,90.0,bottom,R35,,,R_0805_2012Metric_Pad1.20x1.40mm_HandSolder,10k,smt
110.9555,-79.9495,-90.0,top,R36,,,R_0805_2012Metric_Pad1.20x1.40mm_HandSolder,10k,smt
120.5555,-79.9495,90.0,top,R37,,,R_0805_2012Metric_Pad1.20x1.40mm_HandSolder,10k,smt
106.3,-47.8,-90.0,top,R38,,,R_0805_2012Metric_Pad1.20x1.40mm_HandSolder,10k,smt
129.3,-46.2,180.0,top,R39,,,R_0805_2012Metric_Pad1.20x1.40mm_HandSolder,22,smt
125.9,-108.9,-90.0,top,R4,,,R_0805_2012Metric_Pad1.20x1.40mm_HandSolder,22,smt
106.8,-63.9,-90.0,top,R40,,,R_0805_2012Metric_Pad1.20x1.40mm_HandSolder,10k,smt
129.3,-48.3,180.0,top,R41,,,R_0805_2012Metric_Pad1.20x1.40mm_HandSolder,22,smt
122.8555,-82.6495,-90.0,top,R42,,,R_0805_2012Metric_Pad1.20x1.40mm_HandSolder,22,smt
133.9555,-76.2495,180.0,top,R43,,,R_0805_2012Metric_Pad1.20x1.40mm_HandSolder,22,smt
154.631107,-77.524893,45.0,top,R44,,,R_0805_2012Metric_Pad1.20x1.40mm_HandSolder,100,smt
156.083,-78.994,-135.0,top,R45,,,R_0805_2012Metric_Pad1.20x1.40mm_HandSolder,100,smt
169.3,-96.6,180.0,top,R46,,,R_0805_2012Metric_Pad1.20x1.40mm_HandSolder,100,smt
169.3,-98.7,0.0,top,R47,,,R_0805_2012Metric_Pad1.20x1.40mm_HandSolder,100,smt
160.692893,-82.907107,-135.0,top,R48,,,R_0805_2012Metric_Pad1.20x1.40mm_HandSolder,22,smt
115.9,-48.0,90.0,top,R49,,,R_0805_2012Metric_Pad1.20x1.40mm_HandSolder,10k,smt
128.0,-108.9,-90.0,top,R5,,,R_0805_2012Metric_Pad1.20x1.40mm_HandSolder,22,smt
129.8,-62.1,180.0,top,R50,,,R_0805_2012Metric_Pad1.20x1.40mm_HandSolder,22,smt
129.3,-44.0,180.0,top,R51,,,R_0805_2012Metric_Pad1.20x1.40mm_HandSolder,22,smt
116.4,-64.0,90.0,top,R52,,,R_0805_2012Metric_Pad1.20x1.40mm_HandSolder,10k,smt
113.1,-110.2,0.0,bottom,R53,,,R_0805_2012Metric_Pad1.20x1.40mm_HandSolder,51k,smt
129.8,-59.9,180.0,top,R54,,,R_0805_2012Metric_Pad1.20x1.40mm_HandSolder,22,smt
129.8,-64.3,180.0,top,R55,,,R_0805_2012Metric_Pad1.20x1.40mm_HandSolder,22,smt
133.9555,-78.4495,180.0,top,R56,,,R_0805_2012Metric_Pad1.20x1.40mm_HandSolder,22,smt
133.9555,-80.6495,180.0,top,R57,,,R_0805_2012Metric_Pad1.20x1.40mm_HandSolder,22,smt
165.6,-84.3,0.0,bottom,R58,,,R_0805_2012Metric_Pad1.20x1.40mm_HandSolder,1k,smt
112.580534,-43.300214,180.0,bottom,R59,,,R_0805_2012Metric_Pad1.20x1.40mm_HandSolder,10k,smt
130.1,-108.9,-90.0,top,R6,,,R_0805_2012Metric_Pad1.20x1.40mm_HandSolder,22,smt
111.480534,-45.500214,0.0,bottom,R60,,,R_0805_2012Metric_Pad1.20x1.40mm_HandSolder,10k,smt
113.1,-112.4,180.0,bottom,R61,,,R_0805_2012Metric_Pad1.20x1.40mm_HandSolder,1M,smt
117.2,-106.9,180.0,bottom,R62,,,R_0805_2012Metric_Pad1.20x1.40mm_HandSolder,51k,smt
117.2,-104.7,0.0,bottom,R63,,,R_0805_2012Metric_Pad1.20x1.40mm_HandSolder,1M,smt
109.3,-95.2,0.0,top,R64,,,R_0805_2012Metric_Pad1.20x1.40mm_HandSolder,1.8k,smt
113.2,-98.5,-90.0,top,R65,,,R_0805_2012Metric_Pad1.20x1.40mm_HandSolder,300k,smt
192.4,-49.784,0.0,top,R66,,,R_0805_2012Metric_Pad1.20x1.40mm_HandSolder,240,smt
192.4,-46.4,0.0,top,R67,,,R_0805_2012Metric_Pad1.20x1.40mm_HandSolder,100,smt
192.4,-42.975,0.0,top,R68,,,R_0805_2012Metric_Pad1.20x1.40mm_HandSolder,220,smt
192.3,-40.7,0.0,bottom,R69,,,R_0805_2012Metric_Pad1.20x1.40mm_HandSolder,510,smt
132.3,-108.9,-90.0,top,R7,,,R_0805_2012Metric_Pad1.20x1.40mm_HandSolder,22,smt
195.596,-102.9335,180.0,bottom,R70,,,R_0805_2012Metric_Pad1.20x1.40mm_HandSolder,240,smt
195.5325,-106.299,180.0,bottom,R71,,,R_0805_2012Metric_Pad1.20x1.40mm_HandSolder,240,smt
195.596,-109.728,180.0,bottom,R72,,,R_0805_2012Metric_Pad1.20x1.40mm_HandSolder,240,smt
195.596,-113.157,180.0,bottom,R73,,,R_0805_2012Metric_Pad1.20x1.40mm_HandSolder,240,smt
195.596,-116.6495,180.0,bottom,R74,,,R_0805_2012Metric_Pad1.20x1.40mm_HandSolder,330,smt
193.2,-52.2,90.0,bottom,R75,,,R_0805_2012Metric_Pad1.20x1.40mm_HandSolder,2k,smt
193.06,-61.0,90.0,bottom,R76,,,R_0805_2012Metric_Pad1.20x1.40mm_HandSolder,2k,smt
193.2,-71.4,90.0,bottom,R77,,,R_0805_2012Metric_Pad1.20x1.40mm_HandSolder,2k,smt
193.2,-83.0,90.0,bottom,R78,,,R_0805_2012Metric_Pad1.20x1.40mm_HandSolder,2k,smt
193.42,-94.5,90.0,bottom,R79,,,R_0805_2012Metric_Pad1.20x1.40mm_HandSolder,2k,smt
122.280534,-45.400214,180.0,bottom,R8,,,R_0805_2012Metric_Pad1.20x1.40mm_HandSolder,INF,smt
113.8,-76.9,-90.0,bottom,R80,,,R_0805_2012Metric_Pad1.20x1.40mm_HandSolder,INF,smt
111.7,-76.9,-90.0,bottom,R81,,,R_0805_2012Metric_Pad1.20x1.40mm_HandSolder,200,smt
109.6,-76.9,-90.0,bottom,R82,,,R_0805_2012Metric_Pad1.20x1.40mm_HandSolder,INF,smt
109.5,-83.8,-90.0,bottom,R83,,,R_0805_2012Metric_Pad1.20x1.40mm_HandSolder,33k,smt
111.7,-86.0,-90.0,bottom,R84,,,R_0805_2012Metric_Pad1.20x1.40mm_HandSolder,10k,smt
113.8,-87.0,90.0,bottom,R85,,,R_0805_2012Metric_Pad1.20x1.40mm_HandSolder,10k,smt
116.3,-106.7,-90.0,top,R86,,,R_0805_2012Metric_Pad1.20x1.40mm_HandSolder,10k,smt
112.9,-110.0,0.0,top,R87,,,R_0805_2012Metric_Pad1.20x1.40mm_HandSolder,270,smt
102.4,-63.7,0.0,top,R88,,,R_0805_2012Metric_Pad1.20x1.40mm_HandSolder,100,smt
154.4,-80.6,0.0,bottom,R89,,,R_0805_2012Metric_Pad1.20x1.40mm_HandSolder,330,smt
122.280534,-41.200214,180.0,bottom,R9,,,R_0805_2012Metric_Pad1.20x1.40mm_HandSolder,22k,smt
154.4,-82.7,0.0,bottom,R90,,,R_0805_2012Metric_Pad1.20x1.40mm_HandSolder,330,smt
196.8,-50.2,90.0,top,S1,,,SW_SLW-835636-3A-RA-N-D,SW0,tht
196.8,-61.35,90.0,top,S2,,,SW_SLW-835636-3A-RA-N-D,SW1,tht
196.8,-72.55,90.0,top,S3,,,SW_SLW-835636-3A-RA-N-D,SW2,tht
196.8,-83.75,90.0,top,S4,,,SW_SLW-835636-3A-RA-N-D,SW3,tht
196.8,-95.0625,90.0,top,S5,,,SW_SLW-835636-3A-RA-N-D,SW4,tht
102.2,-114.75,-90.0,top,S6,,,SW_SLW-835636-3A-RA-N-D,RST_FT,tht
102.2,-83.75,-90.0,top,S7,,,SW_SLW-835636-3A-RA-N-D,On/Off,tht
102.2,-56.6375,-90.0,top,S8,,,SW_SLW-835636-3A-RA-N-D,RST_FPGA,tht
164.15,-103.987,180.0,top,SW5,,,PTS636SM43SMTR LFS,RES_FLASH,smt
165.543086,-67.438896,-45.0,top,U1,,,TQG144_XIL,XC6SLX9-2TQG144C,smt
115.1555,-79.8495,0.0,top,U10,,,Oscillator_SMD_EuroQuartz_XO53-4Pin_5.0x3.2mm_HandSoldering,~,smt
110.66,-47.9,0.0,top,U11,,,Oscillator_SMD_EuroQuartz_XO53-4Pin_5.0x3.2mm_HandSoldering,~,smt
111.1,-63.7,0.0,top,U12,,,Oscillator_SMD_EuroQuartz_XO53-4Pin_5.0x3.2mm_HandSoldering,~,smt
156.85,-45.0,-90.0,top,U13,,,SOT95P280X145-6N,SN74LVC1G3157DBVR,smt
126.5555,-78.5495,0.0,top,U14,,,5PB1102PGGI,5PB1104PGGI,smt
121.9,-46.4,0.0,top,U15,,,5PB1102PGGI,5PB1104PGGI,smt
122.4,-62.4,0.0,top,U16,,,5PB1102PGGI,5PB1104PGGI,smt
109.35,-98.45,180.0,top,U17,,,SOT-23-6_Handsoldering,ET20135,smt
138.93938,-76.90792,-90.0,bottom,U18,,,TO-252-3_TabPin2,AP7363-33D-13,smt
133.18236,-48.52908,-90.0,bottom,U19,,,TO-252-3_TabPin2,AP7363-25D-13,smt
131.0525,-98.8,0.0,top,U2,,,QFP50P1200X1200X160-64N,FT2232HL-REEL,smt
112.9,-106.725,180.0,top,U20,,,SuperSOT-4_handsolder,XC6127N46CNR-G,smt
112.480534,-49.200214,90.0,bottom,U3,,,SOT95P280X110-6N,TPS562208DDCR,smt
117.7,-86.1125,180.0,bottom,U4,,,SOT95P280X110-6N,TPS562208DDCR,smt
164.255,-110.8875,180.0,bottom,U5,,,SOT95P280X110-6N,TPS562208DDCR,smt
147.43,-102.7,0.0,top,U6,,,SOP65P640X120-14N,SN74LVC125APWR,smt
161.5449,-96.505,0.0,top,U7,,,SOIC-8_5P28X5P28_WIN,W25Q64JVSSIQ,smt
147.555,-92.8,0.0,top,U8,,,SOP65P640X120-14N,SN74LVC125APWR,smt
185.51095,-97.050001,0.0,bottom,U9,,,SOT-25_TOR,XC6220B121MR-G,smt
