﻿Designator,Quantity,Value,Footprint,Package,MPN,DNP,Mount_Type,Description,Field5,Field6,MF,MAXIMUM_PACKAGE_HEIGHT,Price,Check_prices,STANDARD,PARTREV,SnapEDA_Link,MP,Description_1,MANUFACTURER,Availability,SNAPEDA_PN,Sim.Device,Sim.Type,Sim.Pins,Field8
C1,1,3.3uF,C_0805_2012Metric_Pad1.18x1.45mm_HandSolder,,,,smt,"Unpolarized capacitor, small symbol",,,,,,,,,,,,,,,,,,
"C10, C80, C81, C86, C87, C9",6,22uF,C_0805_2012Metric_Pad1.18x1.45mm_HandSolder,,,,smt,"Unpolarized capacitor, small symbol",,,,,,,,,,,,,,,,,,
"C11, C34, C35, C4, C73, C74, C83, C88, C89, C90, C91, C92, C94, C96, C98",15,10uF,C_0805_2012Metric_Pad1.18x1.45mm_HandSolder,,,,smt,"Unpolarized capacitor, small symbol",,,,,,,,,,,,,,,,,,
"C12, C18, C19, C20, C22, C24, C25, C26, C27, C28, C29, C3, C30, C31, C33, C37, C39, C40, C43, C5, C6, C7, C70, C72, C8, C82, C84, C85, C93, C95, C97, C99",32,100nF,C_0805_2012Metric_Pad1.18x1.45mm_HandSolder,,,,smt,"Unpolarized capacitor, small symbol",,,,,,,,,,,,,,,,,,
"C13, C16, C2, C75, C76, C77, C78, C79",8,1uF,C_0805_2012Metric_Pad1.18x1.45mm_HandSolder,,,,smt,"Unpolarized capacitor, small symbol",,,,,,,,,,,,,,,,,,
"C14, C15",2,10nF,C_0805_2012Metric_Pad1.18x1.45mm_HandSolder,,,,smt,"Unpolarized capacitor, small symbol",,,,,,,,,,,,,,,,,,
"C17, C21, C23, C32, C36, C38, C41, C42, C44, C45, C46, C48, C51, C52, C53, C58, C62, C63, C66, C67, C68, C69, C71",23,4.7uF,C_0805_2012Metric_Pad1.18x1.45mm_HandSolder,,,,smt,"Unpolarized capacitor, small symbol",,,,,,,,,,,,,,,,,,
"C47, C49, C50, C54, C55, C56, C57, C59, C60, C61, C64, C65",12,0.47uF,C_0805_2012Metric_Pad1.18x1.45mm_HandSolder,,,,smt,"Unpolarized capacitor, small symbol",,,,,,,,,,,,,,,,,,
"D1, D2, D3, D4, LED0, LED1, LED2, LED3",8,Green_LED,LED_0805_2012Metric,,,,smt,Light emitting diode,+,[D2]3.3V; [D3]2.5V; [D4]1.2V,,,,,,,,,,,,,,,,
D10,1,DESD5V0S1BA,D_SOD-323_HandSoldering,,,,smt,,+,,,,,,,,,,,,,,,,,
D11,1,RED_LED,LED_0805_2012Metric_Pad1.15x1.40mm_HandSolder,,,,smt,Light emitting diode,+,,,,,,,,,,,,,,,,,
J1,1,USB_B_Micro,AMPHENOL_10118194-0001LF,,,,smt,USB Micro Type B connector,,,,,,,,,,,,,,,,,,
J2,1,XT30PW-M,AMASS_XT30PW-M,None,,,tht,,,,AMASS,5 mm,None,https://www.snapeda.com/parts/XT30PW-M/AMASS/view-part/?ref=eda,Manufacturer Recommendations,1.2,https://www.snapeda.com/parts/XT30PW-M/AMASS/view-part/?ref=snap,XT30PW-M,"
                        
                            Socket; DC supply; XT30; male; PIN: 2; on PCBs; THT; Colour: yellow
                        
",Amass,Not in stock,XT30PW-M,,,,
J3,1,Left Side,CON80_2X40_MU_TX25_JAE,,,,tht,,,,,,,,,,,,,,,,,,,
J4,1,RIght Side,CON80_2X40_MU_TX25_JAE,,,,tht,,,,,,,,,,,,,,,,,,,
"L1, L4, L5",3,IHLP3232DZER3R3M01,IND_IHLP-3232DZ_VIS,,,,smt,,,,,,,,,,,,,,,,,,,
"L2, L3",2,220nH,L_0806_2016Metric_Hand_Solder,,,,smt,"Inductor, small symbol",,,,,,,,,,,,,,,,,,
LED4,1,Red_LED,LED_0805_2012Metric,,,,smt,Light emitting diode,+,,,,,,,,,,,,,,,,,
"Q1, Q2, Q3",3,GSFC02A05,SOT-23,,,,smt,"P-MOSFET transistor, drain/source/gate",,,,,,,,,,,,,,,PMOS,VDMOS,1=D 2=G 3=S,
Q4,1,NPN,SOT-23,,,,smt,"Bipolar transistor symbol for simulation only, substrate tied to the emitter",,,,,,,,,,,,,,,NPN,GUMMELPOON,1=C 2=B 3=E,
R1,1,12k,R_0805_2012Metric_Pad1.20x1.40mm_HandSolder,,,,smt,"Resistor, small symbol",,,,,,,,,,,,,,,,,,
"R10, R15, R16, R8, R80, R82",6,INF,R_0805_2012Metric_Pad1.20x1.40mm_HandSolder,,,,smt,"Resistor, small symbol",,,,,,,,,,,,,,,,,,
R11,1,560,R_0805_2012Metric_Pad1.20x1.40mm_HandSolder,,,,smt,"Resistor, small symbol",,,,,,,,,,,,,,,,,,
"R12, R14, R18, R23, R24, R28, R29, R35, R36, R37, R38, R40, R49, R52, R59, R60, R84, R85, R86",19,10k,R_0805_2012Metric_Pad1.20x1.40mm_HandSolder,,,,smt,"Resistor, small symbol",,,,,,,,,,,,,,,,,,
R13,1,5.6k,R_0805_2012Metric_Pad1.20x1.40mm_HandSolder,,,,smt,"Resistor, small symbol",,,,,,,,,,,,,,,,,,
R17,1,180,R_0805_2012Metric_Pad1.20x1.40mm_HandSolder,,,,smt,"Resistor, small symbol",,,,,,,,,,,,,,,,,,
"R19, R20, R21, R22, R31, R32, R33, R34, R39, R4, R41, R42, R43, R48, R5, R50, R51, R54, R55, R56, R57, R6, R7",23,22,R_0805_2012Metric_Pad1.20x1.40mm_HandSolder,,,,smt,"Resistor, small symbol",,,,,,,,,,,,,,,,,,
R2,1,10K,R_0805_2012Metric_Pad1.20x1.40mm_HandSolder,,,,smt,"Resistor, small symbol",,,,,,,,,,,,,,,,,,
"R25, R26",2,470k,R_0805_2012Metric_Pad1.20x1.40mm_HandSolder,,,,smt,"Resistor, small symbol",,,,,,,,,,,,,,,,,,
R27,1,260,R_0805_2012Metric_Pad1.20x1.40mm_HandSolder,,,,smt,"Resistor, small symbol",,,,,,,,,,,,,,,,,,
"R3, R44, R45, R46, R47, R67, R88",7,100,R_0805_2012Metric_Pad1.20x1.40mm_HandSolder,,,,smt,"Resistor, small symbol",,,,,,,,,,,,,,,,,,
"R30, R58",2,1k,R_0805_2012Metric_Pad1.20x1.40mm_HandSolder,,,,smt,"Resistor, small symbol",,,,,,,,,,,,,,,,,,
"R53, R62",2,51k,R_0805_2012Metric_Pad1.20x1.40mm_HandSolder,,,,smt,"Resistor, small symbol",,,,,,,,,,,,,,,,,,
"R61, R63",2,1M,R_0805_2012Metric_Pad1.20x1.40mm_HandSolder,,,,smt,"Resistor, small symbol",,,,,,,,,,,,,,,,,,
R64,1,1.8k,R_0805_2012Metric_Pad1.20x1.40mm_HandSolder,,,,smt,"Resistor, small symbol",,,,,,,,,,,,,,,,,,
R65,1,300k,R_0805_2012Metric_Pad1.20x1.40mm_HandSolder,,,,smt,"Resistor, small symbol",,,,,,,,,,,,,,,,,,
"R66, R70, R71, R72, R73",5,240,R_0805_2012Metric_Pad1.20x1.40mm_HandSolder,,,,smt,"Resistor, small symbol",,,,,,,,,,,,,,,,,,
R68,1,220,R_0805_2012Metric_Pad1.20x1.40mm_HandSolder,,,,smt,"Resistor, small symbol",,,,,,,,,,,,,,,,,,
R69,1,510,R_0805_2012Metric_Pad1.20x1.40mm_HandSolder,,,,smt,"Resistor, small symbol",,,,,,,,,,,,,,,,,,
"R74, R89, R90",3,330,R_0805_2012Metric_Pad1.20x1.40mm_HandSolder,,,,smt,"Resistor, small symbol",,,,,,,,,,,,,,,,,,
"R75, R76, R77, R78, R79",5,2k,R_0805_2012Metric_Pad1.20x1.40mm_HandSolder,,,,smt,"Resistor, small symbol",,,,,,,,,,,,,,,,,,
R81,1,200,R_0805_2012Metric_Pad1.20x1.40mm_HandSolder,,,,smt,"Resistor, small symbol",,,,,,,,,,,,,,,,,,
R83,1,33k,R_0805_2012Metric_Pad1.20x1.40mm_HandSolder,,,,smt,"Resistor, small symbol",,,,,,,,,,,,,,,,,,
R87,1,270,R_0805_2012Metric_Pad1.20x1.40mm_HandSolder,,,,smt,"Resistor, small symbol",,,,,,,,,,,,,,,,,,
R9,1,22k,R_0805_2012Metric_Pad1.20x1.40mm_HandSolder,,,,smt,"Resistor, small symbol",,,,,,,,,,,,,,,,,,
S1,1,SW0,SW_SLW-835636-3A-RA-N-D,,,,tht,,,,,,,,Manufacturer Recommendations,1.01,,,,Same Sky,,,,,,SW4
S2,1,SW1,SW_SLW-835636-3A-RA-N-D,,,,tht,,,,,,,,Manufacturer Recommendations,1.01,,,,Same Sky,,,,,,SW3
S3,1,SW2,SW_SLW-835636-3A-RA-N-D,,,,tht,,,,,,,,Manufacturer Recommendations,1.01,,,,Same Sky,,,,,,
S4,1,SW3,SW_SLW-835636-3A-RA-N-D,,,,tht,,,,,,,,Manufacturer Recommendations,1.01,,,,Same Sky,,,,,,
S5,1,SW4,SW_SLW-835636-3A-RA-N-D,,,,tht,,,,,,,,Manufacturer Recommendations,1.01,,,,Same Sky,,,,,,
S6,1,RST_FT,SW_SLW-835636-3A-RA-N-D,,,,tht,,,,,,,,Manufacturer Recommendations,1.01,,,,Same Sky,,,,,,
S7,1,On/Off,SW_SLW-835636-3A-RA-N-D,,,,tht,,,,,,,,Manufacturer Recommendations,1.01,,,,Same Sky,,,,,,
S8,1,RST_FPGA,SW_SLW-835636-3A-RA-N-D,,,,tht,,,,,,,,Manufacturer Recommendations,1.01,,,,Same Sky,,,,,,
SW5,1,RES_FLASH,PTS636SM43SMTR LFS,,,,smt,"Push button switch, generic, two pins",,,,,,,,,,,,,,,,,,
"TP1, TP2, TP3, TP4, TP5, TP6, TP7",7,TestPoint_Small,TestPoint_Pad_D1.0mm,,,,tht,test point,[TP1]+3.3V; [TP2]VCCO; [TP3]VCCINT; [TP4]TDI; [TP5]TCK; [TP6]TDO; [TP7]TMS,,,,,,,,,,,,,,,,,
U1,1,XC6SLX9-2TQG144C,TQG144_XIL,,,,smt,,,,,,,,,,,,,,,,,,,
"U10, U11, U12",3,~,Oscillator_SMD_EuroQuartz_XO53-4Pin_5.0x3.2mm_HandSoldering,,,,smt,,,,,,,,,,,,,,,,,,,
U13,1,SN74LVC1G3157DBVR,SOT95P280X145-6N,,,,smt,,,,,,,,,,,,,,,,,,,
"U14, U15, U16",3,5PB1104PGGI,5PB1102PGGI,,,,smt,,,,,,,,,,,,,,,,,,,
U17,1,ET20135,SOT-23-6_Handsoldering,,,,smt,,,,,,,,,,,,,,,,,,,
U18,1,AP7363-33D-13,TO-252-3_TabPin2,,,,smt,,,,,,,,,,,,,,,,,,,
U19,1,AP7363-25D-13,TO-252-3_TabPin2,,,,smt,,,,,,,,,,,,,,,,,,,
U2,1,FT2232HL-REEL,QFP50P1200X1200X160-64N,,,,smt,,,,,,,,,,,,,FTDI,,,,,,
U20,1,XC6127N46CNR-G,SuperSOT-4_handsolder,,,,smt,,,,,,,,,,,,,,,,,,,
"U3, U4, U5",3,TPS562208DDCR,SOT95P280X110-6N,,,,smt,,,,,1.10 mm,,,IPC-7351B,A,,,,Texas Instruments,,,,,,
"U6, U8",2,SN74LVC125APWR,SOP65P640X120-14N,,,,smt,,,,,,,,,,,,,,,,,,,
U7,1,W25Q64JVSSIQ,SOIC-8_5P28X5P28_WIN,,,,smt,,,,,,,,,,,,,,,,,,,
U9,1,XC6220B121MR-G,SOT-25_TOR,,,,smt,,,,,,,,,,,,,,,,,,,
